Indicator type,Data
SILKLOADER_SHA256,0248572780e94f3557c50d2c161365f09b175438ed5e750ccc5b5f1c895118c2
SILKLOADER_SHA256,2e57d2d14d8f98464e501d99dad0ae2c2f237b45aceecb73850c17ad1455e39c
SILKLOADER_SHA256,3d1df6633ec9b16f856c6ddf7c40138e524f7c5e286af2271e32643f88f071a2
SILKLOADER_SHA256,4346d2098d93a7f6fddd4c37333f8ec17ff548c97f365b831abbb63dd426ed4b
SILKLOADER_SHA256,54d45b872ee6651d670c3580da74ca56f626bc6ed5ce60cc7e3ba71bb68cd23f
SILKLOADER_SHA256,5623f7b2a3e459d91ed85d20c20b58fb7edc166c63a3a72b703d7af400bdc12c
SILKLOADER_SHA256,56377607abfb0616fc1dc222cc765966954155b69b5c4b16cad92cdd353720a4
SILKLOADER_SHA256,575caa641dbb83364e8c0664737666f3bcd24d40316ff149c9ef476115b927cb
SILKLOADER_SHA256,7070b232de836ce33b7778f6b6f7aecb252d542831367bc78d0eea77461be9a7
SILKLOADER_SHA256,7c2ea97f8fff301a03f36fb6b87d08dc81e948440c87c2805b9e4622eb4e1991
SILKLOADER_SHA256,7d438e1664448dce4a1fb9536b1a9496505fec2ae535ca37dd0299ac70355400
SILKLOADER_SHA256,972ab4694d8177e65de6aef5b6eb0c1e1cafd1cad7bdea484e37ffb156184f34
SILKLOADER_SHA256,a6fff6890c0b6642931f9b0bfd67f830bb85af0f218280776170abfcc5baa576
SILKLOADER_SHA256,c83ac6dc96febd49c7c558e8cf85dd8bcb3a84fdc78b3ba72ebf681566dc1865
SILKLOADER_SHA256,d77a59e6ba3a8f3c000a8a8955af77d2898f220f7bf3c0968bf0d7c8ac25a5ad
SILKLOADER_SHA256,e4dadabd1cee7215ff6e31e01f6b0dd820851685836592a14f982f2c7972fc25
SILKLOADER_SHA256,f1f5142a456e8a316b281ad7f2fe1b463d93f30460a6be3afa9c5593f1392656
SILKLOADER_SHA256,262d966fd82312bcb82b056b2dc378b173f5c335917bc53125aef7f5a03cfce4
BAILLOADER_SHA256,1ef852362ab9bb0af061eb8a19556962c7f5a350e3ef0c2751401afd4cef9f3e
BAILLOADER_SHA256,676ace0449fbad2f5498df7b16c3576f73252f23032604e1a94ce4b5a855974e
BAILLOADER_SHA256,70826162169e5326601d85a0b459645c6bf8fda641d3d3015c035da0cf16db42
BAILLOADER_SHA256,75288b3d1da8d634477609ea804a351915aa7f0a12a50e1eba1d8578debc8ab2
BAILLOADER_SHA256,994f2777f175a6fb784df7b138069f0a6503a458df67915317f23a0a37c16067
BAILLOADER_SHA256,a0b496d927dd1b2e01fcb29c2ef76671e34e7cd841e485c401e15dccad8e897e
BAILLOADER_SHA256,d93155adefca33960a5a125f10854dc8178e80e9bf3b86600a4c59647dd80114
RPCTaskScheduler_SHA256,0322f9201a3887659f7568f3f2292248e29afc19a6e80cdda6915834a3fc925d
SILKLOADER_dropper_SHA256,9c1914143b0ba7fa15848223d0695664fc8225c37eed09eeb00e0af1b7ee0d7b
SILKLOADER_dropper_SHA256,bf02668f884937f697af326a6678fe5c1d3844e104da8c4049f23d63dcb5bb5c
SILKLOADER_dropper_SHA256,d378d01f863454911a345869b66d60769a894c74dfebaa0a9a07efc884a3d15c
CS_Go_Beacon_SHA256,04c7a062a9bd9fe6fe1b0c4e72e319aff866a42b21d8971f1215c347ee5e8980
CS_Go_Beacon_SHA256,e24be344923aea8223fe90f23bfa7151b149ef032e67ba5972a9a10bd63effc6
CS_Go_Beacon_SHA256,326383ed5b2480fac2b5aad00c7ae198f290f0ec4c86503b86fabe748cdf904e
IP,198.98.53.34
IP,193.106.191.187
IP,193.106.191.208
IP,107.148.12.162
IP,45.144.179.204
Domain,020-rce500.r1z.rocks
Domain,cerupedi.com
Domain,d3-up.ssndob.cn.com
Domain,data.hik.icu
Domain,dl.kaspersky360.com
Domain,dl.kasperskyupdates.com
Domain,dns.anbush.com
Domain,gedabuyisi.com
Domain,hc32.weixinzx.org
Domain,hc64.hserverdns.com
Domain,hs.hserverdns.com
Domain,l01i1.ssndob.cn.com
Domain,main.hik.icu
Domain,p4nd4.bbcinternationalnews.com
Domain,p4nd41.ssndob.cn.com
Domain,p4nd42.ssndob.cn.com
Domain,sc.hserverdns.com
Domain,sc32.hserver.dns-dns.com
Domain,service-d9pbyhs4-1305051246.gz.apigw.tencentcs.com
Domain,service-dxkujbtv-1305051246.sh.apigw.tencentcs.com
Domain,sezijiru.com
Domain,sn1ff.ssndob.cn.com
Domain,sn1ff1.kasperslkyupdate.com
Domain,sn1ff2.kasperslkyupdate.com
Domain,upd.kasperskyupdates.com
Domain,update-2.kaspersky360.com
Domain,z3a.r1z.rocks
Domain,z3a1.ssndob.cn.com
Domain,z3a2.ssndob.cn.com
Domain,cdn.goby.pw